email,firstName,lastName
richardgonzales@gmail.com,Karen,Craig
zpeterson@rosario.com,Heather,Strickland
tyoung@yahoo.com,Melissa,Williams
charles90@butler-henry.net,Jesse,Miller
andresbailey@sandoval.com,Alyssa,Walsh
amanda07@alexander.com,Matthew,Perez
bakeramy@abbott-davis.org,Tiffany,Le
sandrajacobson@yahoo.com,Katherine,Caldwell
peterrivera@yahoo.com,Joshua,Ford
ericsimpson@ponce.com,Michael,Austin
cruzjeffrey@jensen-sanchez.org,Elizabeth,Mccall
johncantrell@yahoo.com,Meagan,Castillo
hicksscott@zamora.biz,Michelle,Moore
john72@berry.org,Christine,Jenkins
tammy32@barnett.org,Steven,White
davidblake@yahoo.com,Jessica,Raymond
robertsjulie@park.com,Christopher,Moreno
ashley80@yahoo.com,Tina,Moses
vstephens@tucker-love.info,Jenna,Lewis
marklogan@grant.com,Barbara,Hall
ylang@hernandez-reed.info,Jennifer,Hughes
bhernandez@bentley.com,Jason,Glass
yfry@yahoo.com,Michelle,Mcdonald
patelmatthew@king.com,William,Hill
kerri19@hotmail.com,Steven,Jensen
wendyward@gmail.com,Megan,Wallace
irobinson@hester-jennings.com,Steven,Thompson
wbarrett@morton-wilson.net,Michael,Brown
harriskrystal@jackson-hall.net,Tara,Cowan
simsandrew@lyons-salas.com,Jodi,Avery
thomascristian@hansen.com,Joshua,Woods
cking@yahoo.com,Hayden,Drake
patricia19@hotmail.com,James,Adams
marissawhite@gmail.com,Julie,Hutchinson
mitchellhammond@acosta-garrett.info,Paula,Guerrero
anthony19@yahoo.com,Whitney,Mendoza
benjamin68@gmail.com,Kevin,Rice
loganblanchard@gmail.com,Kathryn,Joyce
hannahmoody@allen.com,Jeremy,Rios
kiddtina@stevens.com,Anthony,Caldwell
urodriguez@hotmail.com,Tiffany,Black
rmartinez@yahoo.com,Angela,Terry
bedwards@wong.com,Jacob,Smith
elizabethskinner@weber.com,Diana,Simmons
megan94@yahoo.com,Tracy,Craig
rbuchanan@yahoo.com,Andrew,Watts
williamsregina@gmail.com,Anna,Schultz
mary98@hotmail.com,Kelly,Holt
ihawkins@hernandez.com,Brian,Clark
schneiderariel@yahoo.com,Peter,Brooks
lsmith@yahoo.com,Kristi,White
wharrison@warner-noble.com,Danielle,Gutierrez
ibell@gmail.com,Shawn,Turner
lucas16@yahoo.com,Jessica,Russell
hjimenez@yahoo.com,Anna,Moon
joseph13@jones.info,Joseph,Brown
justinrodriguez@gmail.com,Fred,Estrada
jasmineallen@yahoo.com,Christina,Mclaughlin
sarah56@barton.com,Ashley,Rogers
ushaw@hotmail.com,Christian,Matthews
collinssusan@hotmail.com,Paige,Chavez
francisrodney@yahoo.com,Joshua,Rodgers
susangriffin@carter.biz,Brian,Davis
hollyholmes@fernandez-green.net,Alexis,Forbes
saraortiz@christian.biz,Eric,Holt
elainecox@peck-henry.com,Jennifer,Glass
nlucas@spencer.com,Catherine,Jordan
azimmerman@werner.net,Kristie,Keith
sarahbaker@yahoo.com,Kenneth,Mathis
susan54@russell.com,Elizabeth,Miller
amber64@hotmail.com,Eric,Fleming
brandonbutler@yu.biz,Susan,Martin
matthewsandoval@palmer-schneider.com,Charles,Randolph
lauren44@gmail.com,Alice,Chavez
dalejohnson@hotmail.com,Tina,Wilson
johnathanmartinez@tran-wright.com,Tammy,Espinoza
snowsamantha@yahoo.com,Penny,Gonzales
christinelee@gmail.com,Kristy,Gonzalez
justin19@hotmail.com,Brandon,Guerra
sarah34@washington.com,Brandi,Sexton
nicholas59@yahoo.com,George,Green
tking@gmail.com,Matthew,Holmes
zjones@gmail.com,Jessica,Payne
vbright@gmail.com,Tyler,Oneal
jessicarios@hardy-flores.com,John,Sanchez
jamie73@yahoo.com,Matthew,Morales
sanderssusan@hotmail.com,Matthew,Harrison
geraldswanson@yahoo.com,Amy,Williams
christopherwalton@khan-velazquez.net,Eric,Harris
sheilavasquez@hotmail.com,Joe,Hodge
breweremily@dickson.com,Larry,Roy
lclark@owens.com,Brandon,Gibson
nguyensherry@yahoo.com,Roy,White
margaretwilson@yahoo.com,Troy,Park
sherry03@flynn-arnold.com,Brenda,Bishop
suttonlarry@hart.net,Nicholas,Rubio
danielle50@hotmail.com,Jared,Kim
michelleharrington@gmail.com,Eric,Davis
rdonovan@vargas-smith.net,Amy,Smith
richardlopez@ayala-fowler.com,Robin,Carter
